x,y,z
7.114115570000000298e+05,3.082376720000000205e+05,9.302100000000000080e+01
7.114237870000000112e+05,3.082766180000000168e+05,9.399399999999999977e+01
7.114188850000000093e+05,3.082665829999999842e+05,9.398199999999999932e+01
7.114126999999999534e+05,3.082410540000000037e+05,9.305700000000000216e+01
7.114303769999999786e+05,3.082677970000000205e+05,9.170499999999999829e+01
7.114222179999999935e+05,3.082564029999999912e+05,9.243699999999999761e+01
7.114049599999999627e+05,3.082303900000000140e+05,9.363299999999999557e+01
7.114143229999999749e+05,3.082463479999999981e+05,9.317199999999999704e+01
7.114052410000000382e+05,3.082378819999999832e+05,9.435000000000000853e+01
7.114136389999999665e+05,3.082472810000000172e+05,9.342799999999999727e+01
7.114131389999999665e+05,3.082458439999999828e+05,9.340000000000000568e+01
7.114281609999999637e+05,3.082676880000000237e+05,9.204900000000000659e+01
7.114281800000000512e+05,3.082739890000000014e+05,9.286400000000000432e+01
7.114301069999999600e+05,3.082677700000000186e+05,9.176999999999999602e+01
7.114163830000000307e+05,3.082496369999999879e+05,9.304500000000000171e+01
7.114113939999999711e+05,3.082508510000000242e+05,9.419100000000000250e+01
7.114209370000000345e+05,3.082205829999999842e+05,9.086100000000000421e+01
7.114273680000000168e+05,3.082634469999999856e+05,9.191299999999999670e+01
7.114266090000000549e+05,3.082653560000000289e+05,9.221300000000000807e+01
7.114264690000000410e+05,3.082640200000000186e+05,9.215300000000000580e+01
7.114056909999999916e+05,3.082354110000000219e+05,9.392799999999999727e+01
7.114135690000000177e+05,3.082497380000000121e+05,9.363700000000000045e+01
7.114134350000000559e+05,3.082482320000000182e+05,9.353900000000000148e+01
7.114234220000000205e+05,3.082654579999999842e+05,9.291100000000000136e+01
7.114328279999999795e+05,3.082797040000000270e+05,9.230100000000000193e+01
7.114137870000000112e+05,3.082548449999999721e+05,9.411599999999999966e+01
7.114337839999999851e+05,3.082753580000000075e+05,9.182399999999999807e+01
7.114059030000000494e+05,3.082380489999999991e+05,9.420100000000000762e+01
7.114121389999999665e+05,3.082497540000000154e+05,9.390600000000000591e+01
7.114067179999999935e+05,3.082634569999999949e+05,9.559199999999999875e+01
7.114186650000000373e+05,3.082634689999999828e+05,9.358899999999999864e+01
7.114246019999999553e+05,3.082662399999999907e+05,9.274699999999999989e+01
7.114229120000000112e+05,3.082526479999999865e+05,9.202400000000000091e+01
7.114162430000000168e+05,3.082505229999999865e+05,9.309400000000000830e+01
7.114189669999999460e+05,3.082390310000000172e+05,9.178300000000000125e+01
7.114124889999999432e+05,3.082406709999999730e+05,9.299899999999999523e+01
7.114170370000000112e+05,3.082498520000000135e+05,9.294200000000000728e+01
7.114076720000000205e+05,3.082420599999999977e+05,9.443900000000000716e+01
7.114170280000000494e+05,3.082186950000000070e+05,9.096699999999999875e+01
7.114136720000000205e+05,3.082513389999999781e+05,9.376300000000000523e+01
7.114171600000000326e+05,3.082553439999999828e+05,9.334400000000000830e+01
7.114261709999999730e+05,3.082555090000000200e+05,9.174399999999999977e+01
7.114301030000000028e+05,3.082655310000000172e+05,9.152200000000000557e+01
7.114272389999999432e+05,3.082679000000000233e+05,9.220900000000000318e+01
7.114086430000000400e+05,3.082358520000000135e+05,9.337900000000000489e+01
7.114256330000000307e+05,3.082696030000000028e+05,9.278100000000000591e+01
7.114089540000000270e+05,3.082391060000000289e+05,9.358899999999999864e+01
7.114155159999999451e+05,3.082566950000000070e+05,9.370900000000000318e+01
7.114177219999999506e+05,3.082564720000000088e+05,9.324599999999999511e+01
7.114462219999999506e+05,3.082501909999999916e+05,8.974299999999999500e+01
7.114055749999999534e+05,3.082344330000000191e+05,9.382099999999999795e+01
7.114039290000000037e+05,3.082315810000000056e+05,9.405899999999999750e+01
7.114157340000000549e+05,3.082653549999999814e+05,9.426999999999999602e+01
7.114288009999999776e+05,3.082720750000000116e+05,9.256199999999999761e+01
7.114077680000000400e+05,3.082352920000000158e+05,9.348199999999999932e+01
7.114222739999999758e+05,3.082642249999999767e+05,9.298799999999999955e+01
7.114214070000000065e+05,3.082564230000000098e+05,9.247100000000000364e+01
7.114005309999999590e+05,3.082335860000000102e+05,9.504699999999999704e+01
7.114292600000000093e+05,3.082675920000000042e+05,9.190399999999999636e+01
7.114248249999999534e+05,3.082676639999999898e+05,9.283100000000000307e+01
7.114198399999999674e+05,3.082582440000000061e+05,9.306400000000000716e+01
7.114287820000000065e+05,3.082737110000000102e+05,9.271999999999999886e+01
7.114595969999999506e+05,3.082779890000000014e+05,8.871900000000000830e+01
7.114439050000000279e+05,3.082518809999999939e+05,8.973300000000000409e+01
7.114251689999999944e+05,3.082615740000000224e+05,9.228300000000000125e+01
7.114019030000000494e+05,3.082388219999999856e+05,9.543099999999999739e+01
7.114190509999999776e+05,3.082243510000000242e+05,9.076200000000000045e+01
7.114018810000000522e+05,3.082305760000000009e+05,9.431900000000000261e+01
7.114051800000000512e+05,3.082306790000000037e+05,9.361499999999999488e+01
7.114294000000000233e+05,3.082618109999999870e+05,9.136499999999999488e+01
7.114509510000000009e+05,3.082580270000000019e+05,8.942799999999999727e+01
7.114159490000000224e+05,3.082559110000000219e+05,9.363899999999999579e+01
7.113960849999999627e+05,3.082301799999999930e+05,9.561299999999999955e+01
7.114163569999999600e+05,3.082495520000000251e+05,9.304999999999999716e+01
7.114156199999999953e+05,3.082501419999999925e+05,9.319700000000000273e+01
7.114163460000000196e+05,3.082557989999999991e+05,9.346399999999999864e+01
7.114208850000000093e+05,3.082576709999999730e+05,9.277800000000000580e+01
7.114368270000000484e+05,3.082374239999999991e+05,9.024599999999999511e+01
7.114241149999999907e+05,3.082735850000000210e+05,9.362199999999999989e+01
7.114029490000000224e+05,3.082192150000000256e+05,9.225600000000000023e+01
7.114301500000000233e+05,3.082681099999999860e+05,9.174800000000000466e+01
7.113993460000000196e+05,3.082277579999999725e+05,9.454399999999999693e+01
7.114338220000000438e+05,3.082517999999999884e+05,9.016700000000000159e+01
7.114082909999999683e+05,3.082352490000000107e+05,9.330800000000000693e+01
7.114215289999999804e+05,3.082586840000000084e+05,9.287199999999999989e+01
7.114329510000000009e+05,3.082685339999999851e+05,9.155899999999999750e+01
7.114220919999999460e+05,3.082586680000000051e+05,9.271399999999999864e+01
7.114314020000000019e+05,3.082751919999999809e+05,9.218800000000000239e+01
7.114306999999999534e+05,3.082660520000000251e+05,9.148100000000000875e+01
7.114164980000000214e+05,3.082583109999999870e+05,9.355800000000000693e+01
7.114077610000000568e+05,3.082419810000000289e+05,9.439799999999999613e+01
7.114568199999999488e+05,3.082722760000000126e+05,8.895400000000000773e+01
7.114133310000000056e+05,3.082324469999999856e+05,9.216500000000000625e+01
7.114138610000000335e+05,3.082425140000000247e+05,9.294500000000000739e+01
7.114441119999999646e+05,3.082594130000000005e+05,8.948000000000000398e+01
7.114119170000000158e+05,3.082421070000000182e+05,9.339499999999999602e+01
7.114421739999999991e+05,3.082498360000000102e+05,8.980599999999999739e+01
7.114187389999999432e+05,3.082246369999999879e+05,9.075000000000000000e+01
7.114150840000000317e+05,3.082551620000000112e+05,9.385600000000000875e+01
7.114199159999999683e+05,3.082674299999999930e+05,9.378799999999999670e+01
7.114427439999999478e+05,3.082447370000000228e+05,8.992900000000000205e+01
7.114363750000000000e+05,3.082469560000000056e+05,8.993600000000000705e+01
7.114100810000000056e+05,3.082396469999999972e+05,9.352500000000000568e+01
7.114122970000000205e+05,3.082480839999999735e+05,9.388800000000000523e+01
7.114056820000000298e+05,3.082355920000000042e+05,9.393200000000000216e+01
7.114141609999999637e+05,3.082203059999999823e+05,9.092300000000000182e+01
7.114059139999999898e+05,3.082502590000000200e+05,9.546999999999999886e+01
7.114112319999999600e+05,3.082475979999999981e+05,9.409400000000000830e+01
7.114217040000000270e+05,3.082647380000000121e+05,9.308899999999999864e+01
7.114312439999999478e+05,3.082424899999999907e+05,9.013100000000000023e+01
7.114372369999999646e+05,3.082793109999999870e+05,9.159799999999999898e+01
7.114288789999999572e+05,3.082754070000000065e+05,9.279600000000000648e+01
7.114343410000000149e+05,3.082708169999999809e+05,9.148199999999999932e+01
7.114316250000000000e+05,3.082759739999999874e+05,9.222200000000000841e+01
7.114065230000000447e+05,3.082340949999999721e+05,9.368200000000000216e+01
7.114141330000000307e+05,3.082502370000000228e+05,9.351399999999999579e+01
7.114283750000000000e+05,3.082343549999999814e+05,9.039300000000000068e+01
7.114130130000000354e+05,3.082471199999999953e+05,9.348999999999999488e+01
7.114182730000000447e+05,3.082551919999999809e+05,9.302299999999999613e+01
7.114205069999999832e+05,3.082536319999999832e+05,9.252500000000000568e+01
7.114372110000000102e+05,3.082618190000000177e+05,9.042600000000000193e+01
7.114120119999999879e+05,3.082462189999999828e+05,9.374299999999999500e+01
7.114300990000000456e+05,3.082367959999999730e+05,9.034700000000000841e+01
7.114262850000000326e+05,3.082634610000000102e+05,9.215399999999999636e+01
7.114158769999999786e+05,3.082588520000000135e+05,9.393699999999999761e+01
7.114332079999999842e+05,3.082658809999999939e+05,9.102700000000000102e+01
7.114223399999999674e+05,3.082748599999999860e+05,9.407500000000000284e+01
7.114061409999999451e+05,3.082389139999999898e+05,9.425700000000000500e+01
7.114153149999999441e+05,3.082412800000000279e+05,9.258700000000000330e+01
7.114229969999999739e+05,3.082638179999999702e+05,9.279900000000000659e+01
7.114242510000000475e+05,3.082653119999999763e+05,9.267900000000000205e+01
7.114112610000000568e+05,3.082478510000000242e+05,9.405599999999999739e+01
7.114165039999999572e+05,3.082575790000000270e+05,9.355400000000000205e+01
7.114180979999999981e+05,3.082614500000000116e+05,9.367300000000000182e+01
7.114302179999999935e+05,3.082674990000000107e+05,9.182399999999999807e+01
7.114286639999999898e+05,3.082741599999999744e+05,9.281000000000000227e+01
7.114286030000000028e+05,3.082753420000000042e+05,9.292600000000000193e+01
7.114232199999999721e+05,3.082611240000000107e+05,9.252100000000000080e+01
7.114055559999999823e+05,3.082360920000000042e+05,9.408700000000000330e+01
7.114132140000000363e+05,3.082582220000000088e+05,9.438100000000000023e+01
7.114286219999999739e+05,3.082705619999999763e+05,9.223700000000000898e+01
7.114360550000000512e+05,3.082778879999999772e+05,9.171900000000000830e+01
7.114102680000000400e+05,3.082367029999999795e+05,9.313200000000000500e+01
7.114104279999999562e+05,3.082368630000000121e+05,9.314000000000000057e+01
7.114401850000000559e+05,3.082751319999999832e+05,9.080800000000000693e+01
7.114095159999999451e+05,3.082331469999999972e+05,9.291899999999999693e+01
7.114127060000000056e+05,3.082442880000000005e+05,9.329999999999999716e+01
7.114271189999999478e+05,3.082683030000000144e+05,9.235000000000000853e+01
7.114149849999999860e+05,3.082471560000000172e+05,9.313700000000000045e+01
7.114554520000000484e+05,3.082671909999999916e+05,8.909100000000000819e+01
7.114171689999999944e+05,3.082611639999999898e+05,9.371500000000000341e+01
7.114051679999999469e+05,3.082298690000000061e+05,9.349200000000000443e+01
7.114171629999999423e+05,3.082706940000000177e+05,9.456600000000000250e+01
7.114060679999999702e+05,3.082379880000000121e+05,9.413299999999999557e+01
7.114085270000000019e+05,3.082237229999999981e+05,9.207000000000000739e+01
7.114335350000000326e+05,3.082525480000000098e+05,9.025799999999999557e+01
7.114110760000000009e+05,3.082376130000000121e+05,9.303300000000000125e+01
7.114313449999999721e+05,3.082679519999999902e+05,9.157800000000000296e+01
7.114172439999999478e+05,3.082500030000000261e+05,9.289400000000000546e+01
7.114075270000000019e+05,3.082349290000000037e+05,9.347400000000000375e+01
7.114149949999999953e+05,3.082473609999999753e+05,9.307300000000000750e+01
7.114315649999999441e+05,3.082761539999999804e+05,9.221500000000000341e+01
7.114291709999999730e+05,3.082272779999999912e+05,9.057699999999999818e+01
7.114124719999999506e+05,3.082137839999999851e+05,9.116700000000000159e+01
7.114223819999999832e+05,3.082631859999999870e+05,9.288700000000000045e+01
7.114276589999999851e+05,3.082666379999999772e+05,9.210900000000000887e+01
7.114258549999999814e+05,3.082623840000000200e+05,9.217400000000000659e+01
7.114326629999999423e+05,3.082768850000000093e+05,9.209300000000000352e+01
7.114247979999999516e+05,3.082595329999999958e+05,9.222400000000000375e+01
7.114256959999999963e+05,3.082701500000000233e+05,9.286299999999999955e+01
7.114241700000000419e+05,3.082577440000000061e+05,9.222599999999999909e+01
7.114298279999999795e+05,3.082687650000000140e+05,9.200600000000000023e+01
7.114339710000000196e+05,3.082783640000000014e+05,9.195400000000000773e+01
7.114048850000000093e+05,3.082382660000000033e+05,9.447100000000000364e+01
7.114426139999999432e+05,3.082471109999999753e+05,8.985600000000000875e+01
7.114058590000000549e+05,3.082352040000000270e+05,9.385000000000000853e+01
7.114289669999999460e+05,3.082736049999999814e+05,9.257699999999999818e+01
7.114124329999999609e+05,3.082553690000000061e+05,9.429999999999999716e+01
7.114351090000000549e+05,3.082766070000000182e+05,9.169899999999999807e+01
7.114160130000000354e+05,3.082505210000000079e+05,9.317199999999999704e+01
7.114112010000000009e+05,3.082448740000000107e+05,9.371099999999999852e+01
7.114010250000000233e+05,3.082259579999999842e+05,9.379800000000000182e+01
7.114288969999999972e+05,3.082285410000000265e+05,9.053199999999999648e+01
7.113990060000000522e+05,3.082279359999999870e+05,9.465800000000000125e+01
7.114148370000000577e+05,3.082126630000000005e+05,9.117700000000000671e+01
7.114126130000000121e+05,3.082411550000000279e+05,9.300900000000000034e+01
7.114292630000000354e+05,3.082715320000000065e+05,9.230599999999999739e+01
7.114260509999999776e+05,3.082655709999999963e+05,9.233700000000000330e+01
7.114202070000000531e+05,3.082455459999999730e+05,9.203900000000000148e+01
7.114191180000000168e+05,3.082496859999999870e+05,9.261400000000000432e+01
7.114137099999999627e+05,3.082622050000000163e+05,9.450799999999999557e+01
7.114030389999999898e+05,3.082286859999999870e+05,9.378199999999999648e+01
7.114019050000000279e+05,3.082310869999999995e+05,9.434400000000000830e+01
7.114209429999999702e+05,3.082668879999999772e+05,9.357900000000000773e+01
7.114212510000000475e+05,3.082260989999999874e+05,9.068200000000000216e+01
7.114345250000000233e+05,3.082459070000000065e+05,8.998499999999999943e+01
7.114135600000000559e+05,3.082482229999999981e+05,9.348600000000000421e+01
7.114452299999999814e+05,3.082523279999999795e+05,8.970100000000000762e+01
7.114314470000000438e+05,3.082750339999999851e+05,9.213700000000000045e+01
7.114141019999999553e+05,3.082413520000000135e+05,9.283200000000000784e+01
7.114149100000000326e+05,3.082531630000000005e+05,9.360200000000000387e+01
7.114193499999999767e+05,3.082510850000000210e+05,9.268999999999999773e+01
7.114148969999999972e+05,3.082475320000000065e+05,9.313800000000000523e+01
7.114243260000000009e+05,3.082661290000000154e+05,9.285699999999999932e+01
7.114205899999999674e+05,3.082486369999999879e+05,9.225600000000000023e+01
7.114144370000000345e+05,3.082522600000000093e+05,9.364900000000000091e+01
7.114179179999999469e+05,3.082610590000000084e+05,9.370700000000000784e+01
7.114207900000000373e+05,3.082673850000000093e+05,9.375000000000000000e+01
7.114227260000000242e+05,3.082558219999999856e+05,9.231100000000000705e+01
7.114146119999999646e+05,3.082338319999999949e+05,9.209700000000000841e+01
7.114336539999999804e+05,3.082828780000000261e+05,9.247200000000000841e+01
7.114283179999999702e+05,3.082677980000000098e+05,9.203400000000000603e+01
7.114311520000000019e+05,3.082658229999999749e+05,9.134499999999999886e+01
7.114149719999999506e+05,3.082526199999999953e+05,9.371900000000000830e+01
7.114337229999999981e+05,3.082758099999999977e+05,9.181400000000000716e+01
7.114257519999999786e+05,3.082570630000000237e+05,9.193999999999999773e+01
7.114486530000000494e+05,3.082636070000000182e+05,8.928600000000000136e+01
7.114278310000000056e+05,3.082670570000000298e+05,9.214300000000000068e+01
7.114121080000000075e+05,3.082535349999999744e+05,9.430800000000000693e+01
7.114344540000000270e+05,3.082346510000000126e+05,9.035099999999999909e+01
7.114048660000000382e+05,3.082345920000000042e+05,9.406799999999999784e+01
7.114114799999999814e+05,3.082418439999999828e+05,9.348100000000000875e+01
7.114230429999999469e+05,3.082553630000000121e+05,9.220499999999999829e+01
7.114315339999999851e+05,3.082766460000000079e+05,9.229900000000000659e+01
7.114072210000000196e+05,3.082351830000000191e+05,9.363500000000000512e+01
7.114069170000000158e+05,3.082476089999999967e+05,9.512600000000000477e+01
7.114300810000000056e+05,3.082783989999999758e+05,9.275100000000000477e+01
7.114086570000000065e+05,3.082355399999999790e+05,9.329500000000000171e+01
7.114276720000000205e+05,3.082679760000000242e+05,9.223999999999999488e+01
7.114106409999999451e+05,3.082451089999999967e+05,9.380299999999999727e+01
7.114267070000000531e+05,3.082625210000000079e+05,9.203400000000000603e+01
7.114351280000000261e+05,3.082505360000000219e+05,8.978499999999999659e+01
7.114410890000000363e+05,3.082503439999999828e+05,8.979500000000000171e+01
7.114484220000000205e+05,3.082629569999999949e+05,8.934400000000000830e+01
7.114056609999999637e+05,3.082383310000000056e+05,9.431400000000000716e+01
7.114151149999999907e+05,3.082426579999999958e+05,9.276999999999999602e+01
7.114299880000000121e+05,3.082682889999999898e+05,9.179900000000000659e+01
7.114078660000000382e+05,3.082356170000000275e+05,9.353499999999999659e+01
7.114158329999999842e+05,3.082697280000000028e+05,9.465600000000000591e+01
7.114081139999999432e+05,3.082250420000000158e+05,9.233800000000000807e+01
7.114136439999999711e+05,3.082532829999999958e+05,9.401200000000000045e+01
7.114245289999999804e+05,3.082703479999999981e+05,9.316500000000000625e+01
7.114301049999999814e+05,3.082727139999999781e+05,9.233100000000000307e+01
7.114280779999999795e+05,3.082670200000000186e+05,9.206499999999999773e+01
7.114231670000000158e+05,3.082678030000000144e+05,9.326500000000000057e+01
7.114156119999999646e+05,3.082472820000000065e+05,9.294100000000000250e+01
7.114283059999999823e+05,3.082679369999999763e+05,9.207900000000000773e+01
7.114062260000000242e+05,3.082336759999999776e+05,9.367100000000000648e+01
7.114301350000000093e+05,3.082740380000000005e+05,9.237300000000000466e+01
7.114011559999999590e+05,3.082314839999999967e+05,9.459700000000000841e+01
7.114150820000000531e+05,3.082532689999999711e+05,9.359799999999999898e+01
7.114091750000000466e+05,3.082504270000000251e+05,9.476000000000000512e+01
7.114286779999999562e+05,3.082713150000000023e+05,9.230299999999999727e+01
7.114487389999999432e+05,3.082754380000000237e+05,8.956300000000000239e+01
7.114181800000000512e+05,3.082122069999999949e+05,9.115099999999999625e+01
7.114265579999999609e+05,3.082586379999999772e+05,9.178900000000000148e+01
7.114127510000000475e+05,3.082432669999999925e+05,9.324500000000000455e+01
7.114256040000000503e+05,3.082560439999999944e+05,9.183400000000000318e+01
7.114272989999999991e+05,3.082683910000000033e+05,9.234199999999999875e+01
7.113970209999999497e+05,3.082274249999999884e+05,9.513100000000000023e+01
7.114010259999999544e+05,3.082333609999999753e+05,9.485300000000000864e+01
7.114140590000000084e+05,3.082364170000000158e+05,9.233700000000000330e+01
7.113991570000000065e+05,3.082324209999999730e+05,9.529500000000000171e+01
7.114253900000000140e+05,3.082219940000000061e+05,9.076000000000000512e+01
7.114173020000000251e+05,3.082150019999999786e+05,9.107900000000000773e+01
7.114209039999999804e+05,3.082559280000000144e+05,9.277800000000000580e+01
7.114298649999999907e+05,3.082393159999999916e+05,9.028300000000000125e+01
7.114020439999999944e+05,3.082340169999999925e+05,9.478499999999999659e+01
7.114255810000000056e+05,3.082525599999999977e+05,9.156900000000000261e+01
7.114332750000000233e+05,3.082628640000000014e+05,9.095100000000000762e+01
7.114132700000000186e+05,3.082348279999999795e+05,9.241700000000000159e+01
7.113989880000000121e+05,3.082367559999999939e+05,9.605800000000000693e+01
7.114188950000000186e+05,3.082470900000000256e+05,9.243800000000000239e+01
7.114249120000000112e+05,3.082635819999999949e+05,9.245799999999999841e+01
7.114056779999999562e+05,3.082435380000000005e+05,9.500100000000000477e+01
7.114095409999999683e+05,3.082275650000000023e+05,9.237099999999999511e+01
7.114325089999999618e+05,3.082596790000000037e+05,9.096300000000000807e+01
7.114146859999999870e+05,3.082528190000000177e+05,9.376800000000000068e+01
7.114217650000000140e+05,3.082555219999999972e+05,9.236899999999999977e+01
7.113945030000000261e+05,3.082322889999999898e+05,9.694400000000000261e+01
7.114365609999999870e+05,3.082735850000000210e+05,9.135699999999999932e+01
7.114073710000000428e+05,3.082337229999999981e+05,9.336299999999999955e+01
7.114244610000000102e+05,3.082594000000000233e+05,9.219700000000000273e+01
7.114456949999999488e+05,3.082794720000000088e+05,9.006199999999999761e+01
7.114132900000000373e+05,3.082399529999999795e+05,9.285699999999999932e+01
7.114291589999999851e+05,3.082669859999999753e+05,9.181400000000000716e+01
7.114187789999999804e+05,3.082313229999999749e+05,9.086299999999999955e+01
7.114093000000000466e+05,3.082347150000000256e+05,9.304600000000000648e+01
7.114165899999999674e+05,3.082502710000000079e+05,9.301399999999999579e+01
7.114333739999999525e+05,3.082757719999999972e+05,9.193999999999999773e+01
7.114196330000000307e+05,3.082664029999999912e+05,9.383200000000000784e+01
7.114181480000000447e+05,3.082621230000000214e+05,9.369899999999999807e+01
7.114086920000000391e+05,3.082428560000000289e+05,9.413599999999999568e+01
7.114155600000000559e+05,3.082360609999999870e+05,9.218999999999999773e+01
7.114253510000000242e+05,3.082645729999999749e+05,9.244899999999999807e+01
7.114184379999999655e+05,3.082561290000000154e+05,9.317499999999999716e+01
7.114098950000000186e+05,3.082106869999999763e+05,9.128799999999999670e+01
7.114191959999999963e+05,3.082538140000000130e+05,9.286100000000000421e+01
7.114367020000000484e+05,3.082685030000000261e+05,9.079800000000000182e+01
7.114134570000000531e+05,3.082422889999999898e+05,9.300400000000000489e+01
7.114140300000000279e+05,3.082547860000000219e+05,9.396900000000000830e+01
7.114064620000000577e+05,3.082361199999999953e+05,9.381499999999999773e+01
7.114093379999999888e+05,3.082551820000000298e+05,9.507999999999999829e+01
7.114095749999999534e+05,3.082461419999999925e+05,9.432300000000000750e+01
7.114008090000000084e+05,3.082410100000000093e+05,9.592499999999999716e+01
7.114061419999999925e+05,3.082337519999999786e+05,9.366700000000000159e+01
7.114317950000000419e+05,3.082379699999999721e+05,9.029399999999999693e+01
7.114339590000000317e+05,3.082742999999999884e+05,9.165200000000000102e+01
7.114289880000000121e+05,3.082377050000000163e+05,9.034199999999999875e+01
7.114080250000000233e+05,3.082346900000000023e+05,9.329300000000000637e+01
7.114293090000000084e+05,3.082642660000000033e+05,9.159600000000000364e+01
7.114201310000000522e+05,3.082638570000000182e+05,9.334400000000000830e+01
7.114026210000000428e+05,3.082294639999999781e+05,9.397599999999999909e+01
7.114160409999999683e+05,3.082168369999999995e+05,9.103199999999999648e+01
7.114183290000000270e+05,3.082407939999999944e+05,9.206000000000000227e+01
7.114358499999999767e+05,3.082706520000000019e+05,9.120400000000000773e+01
7.114259529999999795e+05,3.082601280000000261e+05,9.204500000000000171e+01
7.114324459999999963e+05,3.082456089999999967e+05,8.999599999999999511e+01
7.114287360000000335e+05,3.082675109999999986e+05,9.202500000000000568e+01
7.114254449999999488e+05,3.082700179999999818e+05,9.297599999999999909e+01
7.114057369999999646e+05,3.082338510000000242e+05,9.371600000000000819e+01
7.114519830000000075e+05,3.082604820000000182e+05,8.930200000000000671e+01
7.114320479999999516e+05,3.082650760000000009e+05,9.121500000000000341e+01
7.114133560000000289e+05,3.082554039999999804e+05,9.426099999999999568e+01
7.114006949999999488e+05,3.082347449999999953e+05,9.515900000000000603e+01
7.114291169999999693e+05,3.082688659999999800e+05,9.204800000000000182e+01
7.114205139999999665e+05,3.082581709999999730e+05,9.290300000000000580e+01
7.114014529999999795e+05,3.082314050000000279e+05,9.451000000000000512e+01
7.114262500000000000e+05,3.082640999999999767e+05,9.221800000000000352e+01
7.114195080000000307e+05,3.082577779999999912e+05,9.312000000000000455e+01
7.114290429999999469e+05,3.082374429999999702e+05,9.035000000000000853e+01
7.114269070000000065e+05,3.082667550000000047e+05,9.222100000000000364e+01
7.114091729999999516e+05,3.082470109999999986e+05,9.442400000000000659e+01
7.114213680000000168e+05,3.082575910000000149e+05,9.262900000000000489e+01
7.114161239999999525e+05,3.082563219999999856e+05,9.358400000000000318e+01
7.114153830000000307e+05,3.082501790000000037e+05,9.323700000000000898e+01
7.114294129999999423e+05,3.082729849999999860e+05,9.252800000000000580e+01
7.114369429999999702e+05,3.082442839999999851e+05,9.002400000000000091e+01
7.114298000000000466e+05,3.082618699999999953e+05,9.139499999999999602e+01
7.114097770000000019e+05,3.082423730000000214e+05,9.371000000000000796e+01
7.114288090000000084e+05,3.082677399999999907e+05,9.198499999999999943e+01
7.114004250000000466e+05,3.082293989999999758e+05,9.466100000000000136e+01
7.114139989999999525e+05,3.082405030000000261e+05,9.284499999999999886e+01
7.114081389999999665e+05,3.082354340000000084e+05,9.336599999999999966e+01
7.114407169999999460e+05,3.082784390000000130e+05,9.102299999999999613e+01
7.114297349999999860e+05,3.082678699999999953e+05,9.178900000000000148e+01
7.114179960000000428e+05,3.082504519999999902e+05,9.286599999999999966e+01
7.114095829999999842e+05,3.082400329999999958e+05,9.365399999999999636e+01
7.114108449999999721e+05,3.082567089999999735e+05,9.466299999999999670e+01
7.114037989999999991e+05,3.082417420000000275e+05,9.528000000000000114e+01
7.114159520000000484e+05,3.082234469999999856e+05,9.079200000000000159e+01
7.114092850000000326e+05,3.082330019999999786e+05,9.294299999999999784e+01
7.114303689999999478e+05,3.082701089999999967e+05,9.201200000000000045e+01
7.114181330000000307e+05,3.082334099999999744e+05,9.134799999999999898e+01
7.114234799999999814e+05,3.082220650000000023e+05,9.077899999999999636e+01
7.114061850000000559e+05,3.082355509999999776e+05,9.380200000000000671e+01
7.114008000000000466e+05,3.082359459999999963e+05,9.530100000000000193e+01
7.113997979999999516e+05,3.082301269999999786e+05,9.491400000000000148e+01
7.114150949999999721e+05,3.082578929999999818e+05,9.398400000000000887e+01
7.114113630000000121e+05,3.082568969999999972e+05,9.469800000000000750e+01
7.114180879999999888e+05,3.082578520000000135e+05,9.322599999999999909e+01
7.114137349999999860e+05,3.082384519999999902e+05,9.265800000000000125e+01
7.114243429999999935e+05,3.082671630000000005e+05,9.280400000000000205e+01
7.114076099999999860e+05,3.082352579999999725e+05,9.348700000000000898e+01
7.114157979999999516e+05,3.082385920000000042e+05,9.228900000000000148e+01
7.114228270000000484e+05,3.082628950000000186e+05,9.268600000000000705e+01
7.114135259999999544e+05,3.082508070000000298e+05,9.371900000000000830e+01
7.114216360000000568e+05,3.082559949999999953e+05,9.249599999999999511e+01
7.114131639999999898e+05,3.082481390000000247e+05,9.353100000000000591e+01
7.114017700000000186e+05,3.082316419999999925e+05,9.450199999999999534e+01
7.114207419999999693e+05,3.082665509999999776e+05,9.358299999999999841e+01
7.114188310000000056e+05,3.082551070000000182e+05,9.298799999999999955e+01
7.114474660000000149e+05,3.082597559999999939e+05,8.946099999999999852e+01
7.114102569999999832e+05,3.082466309999999939e+05,9.422800000000000864e+01
7.114001119999999646e+05,3.082310009999999893e+05,9.495100000000000762e+01
7.114094939999999478e+05,3.082452930000000051e+05,9.407000000000000739e+01
7.114303120000000345e+05,3.082785570000000298e+05,9.277500000000000568e+01
7.114220100000000093e+05,3.082556410000000033e+05,9.245600000000000307e+01
7.114225330000000540e+05,3.082661329999999725e+05,9.313299999999999557e+01
7.114166580000000540e+05,3.082469789999999921e+05,9.263599999999999568e+01
7.114178120000000345e+05,3.082656620000000112e+05,9.411299999999999955e+01
7.114293249999999534e+05,3.082678410000000149e+05,9.183800000000000807e+01
7.114338370000000577e+05,3.082768530000000028e+05,9.183400000000000318e+01
7.114034939999999478e+05,3.082379429999999702e+05,9.489000000000000057e+01
7.114500069999999832e+05,3.082666849999999977e+05,8.915900000000000603e+01
7.114253170000000391e+05,3.082557590000000200e+05,9.188800000000000523e+01
7.114052349999999860e+05,3.082389209999999730e+05,9.447500000000000853e+01
7.114027700000000186e+05,3.082399589999999735e+05,9.532999999999999829e+01
7.114236030000000028e+05,3.082285100000000093e+05,9.059499999999999886e+01
7.114225879999999888e+05,3.082640729999999749e+05,9.296200000000000330e+01
7.114195550000000512e+05,3.082668080000000191e+05,9.394100000000000250e+01
7.114267709999999497e+05,3.082632110000000102e+05,9.200900000000000034e+01
7.114307659999999451e+05,3.082523140000000130e+05,9.071699999999999875e+01
7.114011380000000354e+05,3.082327449999999953e+05,9.470300000000000296e+01
7.114295899999999674e+05,3.082676510000000126e+05,9.181199999999999761e+01
7.113944740000000456e+05,3.082353439999999828e+05,9.709199999999999875e+01
7.114276970000000438e+05,3.082623750000000000e+05,9.183299999999999841e+01
7.114280999999999767e+05,3.082675640000000130e+05,9.209199999999999875e+01
7.114180729999999749e+05,3.082576269999999786e+05,9.325499999999999545e+01
7.114199880000000121e+05,3.082563939999999711e+05,9.295300000000000296e+01
7.114178989999999758e+05,3.082578339999999735e+05,9.332099999999999795e+01
7.114013100000000559e+05,3.082304589999999735e+05,9.441100000000000136e+01
7.114257569999999832e+05,3.082615599999999977e+05,9.205899999999999750e+01
7.114118279999999795e+05,3.082552280000000028e+05,9.450799999999999557e+01
7.114326979999999749e+05,3.082767980000000098e+05,9.202400000000000091e+01
7.114166250000000000e+05,3.082399349999999977e+05,9.237300000000000466e+01
7.114377820000000065e+05,3.082762449999999953e+05,9.130599999999999739e+01
7.114036289999999572e+05,3.082286689999999944e+05,9.379500000000000171e+01
7.114285169999999925e+05,3.082705009999999893e+05,9.225100000000000477e+01
7.114414129999999423e+05,3.082661900000000023e+05,8.999500000000000455e+01
7.114044510000000009e+05,3.082309039999999804e+05,9.382399999999999807e+01
7.114207190000000410e+05,3.082546539999999804e+05,9.259499999999999886e+01
7.114154570000000531e+05,3.082510050000000047e+05,9.332200000000000273e+01
7.114172260000000242e+05,3.082135869999999995e+05,9.112300000000000466e+01
7.114100820000000531e+05,3.082448059999999823e+05,9.397100000000000364e+01
7.114203739999999525e+05,3.082539859999999753e+05,9.259199999999999875e+01
7.114120330000000540e+05,3.082511030000000028e+05,9.404399999999999693e+01
7.114160790000000270e+05,3.082557679999999818e+05,9.351399999999999579e+01
7.114052040000000270e+05,3.082306759999999776e+05,9.361400000000000432e+01
7.114341670000000158e+05,3.082729270000000251e+05,9.158100000000000307e+01
7.113988070000000298e+05,3.082249579999999842e+05,9.431300000000000239e+01
7.114280590000000084e+05,3.082682449999999953e+05,9.217499999999999716e+01
7.114412449999999953e+05,3.082455979999999981e+05,8.992100000000000648e+01
7.114229340000000084e+05,3.082633869999999879e+05,9.277100000000000080e+01
7.114152759999999544e+05,3.082639359999999870e+05,9.434199999999999875e+01
7.114306929999999702e+05,3.082699660000000149e+05,9.190399999999999636e+01
7.114110050000000047e+05,3.082323589999999967e+05,9.260300000000000864e+01
7.114168159999999916e+05,3.082486140000000014e+05,9.292499999999999716e+01
7.114066509999999544e+05,3.082347889999999898e+05,9.365800000000000125e+01
7.114216280000000261e+05,3.082617729999999865e+05,9.289100000000000534e+01
7.114157160000000149e+05,3.082456749999999884e+05,9.279000000000000625e+01
7.114396559999999590e+05,3.082410790000000270e+05,9.009600000000000364e+01
7.114180439999999944e+05,3.082130960000000196e+05,9.112600000000000477e+01
7.114282619999999879e+05,3.082726840000000084e+05,9.264300000000000068e+01
7.114127550000000047e+05,3.082412959999999730e+05,9.299899999999999523e+01
7.114224399999999441e+05,3.082649209999999730e+05,9.292400000000000659e+01
7.113968209999999963e+05,3.082460949999999721e+05,9.697500000000000853e+01
7.114309179999999469e+05,3.082678649999999907e+05,9.166599999999999682e+01
7.114325640000000130e+05,3.082708169999999809e+05,9.164600000000000080e+01
7.114336679999999469e+05,3.082701250000000000e+05,9.153400000000000603e+01
7.114313660000000382e+05,3.082747779999999912e+05,9.217400000000000659e+01
7.114559729999999981e+05,3.082661599999999744e+05,8.908599999999999852e+01
7.114205849999999627e+05,3.082181550000000279e+05,9.093500000000000227e+01
7.114195110000000568e+05,3.082277459999999846e+05,9.062999999999999545e+01
7.114111729999999516e+05,3.082377349999999860e+05,9.310500000000000398e+01
7.114280450000000419e+05,3.082724610000000102e+05,9.262000000000000455e+01
7.114313769999999786e+05,3.082753400000000256e+05,9.218399999999999750e+01
7.114170429999999469e+05,3.082531919999999809e+05,9.327500000000000568e+01
7.114047689999999711e+05,3.082406840000000084e+05,9.499399999999999977e+01
7.114291829999999609e+05,3.082571280000000261e+05,9.136700000000000443e+01
7.114289490000000224e+05,3.082728690000000061e+05,9.255800000000000693e+01
7.114144259999999776e+05,3.082697970000000205e+05,9.483200000000000784e+01
7.114135330000000540e+05,3.082513260000000009e+05,9.380100000000000193e+01
7.114167900000000373e+05,3.082476199999999953e+05,9.273700000000000898e+01
7.114175150000000140e+05,3.082248269999999902e+05,9.073799999999999955e+01
7.114355799999999581e+05,3.082765590000000084e+05,9.170100000000000762e+01
7.114110259999999544e+05,3.082483939999999711e+05,9.419599999999999795e+01
7.114400649999999441e+05,3.082472380000000121e+05,8.991400000000000148e+01
7.114135429999999469e+05,3.082464349999999977e+05,9.334000000000000341e+01
7.114284359999999870e+05,3.082391230000000214e+05,9.029099999999999682e+01
7.114022120000000577e+05,3.082301959999999963e+05,9.428799999999999670e+01
7.114223479999999981e+05,3.082643369999999995e+05,9.296300000000000807e+01
7.114194009999999544e+05,3.082162889999999898e+05,9.100499999999999545e+01
7.114167669999999925e+05,3.082614579999999842e+05,9.385200000000000387e+01
7.114079309999999823e+05,3.082282210000000196e+05,9.276699999999999591e+01
7.114218429999999935e+05,3.082561959999999963e+05,9.252700000000000102e+01
7.114330790000000270e+05,3.082773580000000075e+05,9.202100000000000080e+01
7.114309599999999627e+05,3.082655200000000186e+05,9.140000000000000568e+01
7.114056970000000438e+05,3.082382280000000028e+05,9.426200000000000045e+01
7.114265309999999590e+05,3.082699320000000298e+05,9.257300000000000750e+01
7.114258610000000335e+05,3.082649130000000005e+05,9.226200000000000045e+01
7.114195590000000084e+05,3.082444639999999781e+05,9.218200000000000216e+01
7.114062439999999478e+05,3.082341570000000065e+05,9.371399999999999864e+01
7.114281629999999423e+05,3.082657280000000028e+05,9.197200000000000841e+01
7.114428320000000531e+05,3.082623190000000177e+05,8.987300000000000466e+01
7.114160509999999776e+05,3.082214830000000075e+05,9.087800000000000011e+01
7.114273880000000354e+05,3.082708530000000028e+05,9.251000000000000512e+01
7.114065359999999637e+05,3.082341259999999893e+05,9.354399999999999693e+01
7.114319139999999898e+05,3.082326259999999893e+05,9.040099999999999625e+01
7.114036019999999553e+05,3.082229969999999739e+05,9.265800000000000125e+01
7.114130320000000065e+05,3.082421159999999800e+05,9.308500000000000796e+01
7.114121010000000242e+05,3.082492660000000033e+05,9.400400000000000489e+01
7.114085760000000009e+05,3.082428439999999828e+05,9.414400000000000546e+01
7.114218109999999870e+05,3.082544440000000177e+05,9.240300000000000580e+01
7.114272770000000019e+05,3.082679070000000065e+05,9.228199999999999648e+01
7.114291439999999711e+05,3.082677999999999884e+05,9.194200000000000728e+01
7.114001729999999516e+05,3.082333030000000144e+05,9.503799999999999670e+01
7.114047659999999451e+05,3.082154589999999735e+05,9.144899999999999807e+01
7.114164440000000177e+05,3.082502220000000088e+05,9.303499999999999659e+01
7.113987249999999767e+05,3.082297370000000228e+05,9.501500000000000057e+01
7.114270849999999627e+05,3.082768499999999767e+05,9.337999999999999545e+01
7.114104080000000540e+05,3.082516979999999749e+05,9.463100000000000023e+01
7.114452029999999795e+05,3.082509409999999916e+05,8.973199999999999932e+01
7.114255500000000466e+05,3.082595430000000051e+05,9.197200000000000841e+01
7.114126539999999804e+05,3.082574459999999963e+05,9.446800000000000352e+01
7.114026119999999646e+05,3.082330349999999744e+05,9.441200000000000614e+01
7.114086990000000224e+05,3.082365169999999925e+05,9.345100000000000762e+01
7.114165289999999804e+05,3.082249540000000270e+05,9.072599999999999909e+01
7.114176060000000289e+05,3.082491379999999772e+05,9.276699999999999591e+01
7.114095679999999702e+05,3.082344799999999814e+05,9.310500000000000398e+01
7.114109590000000317e+05,3.082497820000000065e+05,9.422800000000000864e+01
7.114137859999999637e+05,3.082641630000000005e+05,9.462699999999999534e+01
7.114511469999999972e+05,3.082694239999999991e+05,8.905200000000000671e+01
7.114304179999999469e+05,3.082758759999999893e+05,9.249099999999999966e+01
7.114312739999999758e+05,3.082614199999999837e+05,9.109499999999999886e+01
7.114321659999999683e+05,3.082721799999999930e+05,9.182600000000000762e+01
7.113952179999999935e+05,3.082347060000000056e+05,9.671800000000000352e+01
7.114259220000000205e+05,3.082640630000000237e+05,9.224899999999999523e+01
7.113926539999999804e+05,3.082332010000000009e+05,9.750100000000000477e+01
7.114293530000000028e+05,3.082674890000000014e+05,9.184100000000000819e+01
7.114373449999999721e+05,3.082806469999999972e+05,9.170700000000000784e+01
7.114250670000000391e+05,3.082551720000000205e+05,9.185699999999999932e+01
7.114082369999999646e+05,3.082342349999999860e+05,9.324800000000000466e+01
7.114317120000000577e+05,3.082759830000000075e+05,9.224800000000000466e+01
7.114083560000000289e+05,3.082468709999999846e+05,9.473900000000000432e+01
7.114216620000000112e+05,3.082616359999999986e+05,9.295400000000000773e+01
7.114233590000000549e+05,3.082465800000000163e+05,9.155500000000000682e+01
7.114137249999999767e+05,3.082476859999999870e+05,9.341899999999999693e+01
7.114092500000000000e+05,3.082331180000000168e+05,9.293500000000000227e+01
7.114397070000000531e+05,3.082445800000000163e+05,8.995499999999999829e+01
7.114155999999999767e+05,3.082507870000000112e+05,9.325000000000000000e+01
7.114278320000000531e+05,3.082631890000000130e+05,9.182999999999999829e+01
7.114267439999999478e+05,3.082631020000000135e+05,9.197500000000000853e+01
7.114266559999999590e+05,3.082811369999999879e+05,9.352200000000000557e+01
7.114160760000000009e+05,3.082478339999999735e+05,9.296300000000000807e+01
7.114433479999999981e+05,3.082570090000000200e+05,8.958400000000000318e+01
7.114119729999999981e+05,3.082580109999999986e+05,9.464400000000000546e+01
7.114208599999999860e+05,3.082514170000000158e+05,9.240900000000000603e+01
7.114037630000000354e+05,3.082268950000000186e+05,9.351900000000000546e+01
7.114175949999999721e+05,3.082538099999999977e+05,9.313899999999999579e+01
7.113964080000000540e+05,3.082284469999999856e+05,9.552100000000000080e+01
7.114224969999999739e+05,3.082631240000000107e+05,9.281000000000000227e+01
7.113938240000000224e+05,3.082330580000000191e+05,9.718600000000000705e+01
7.114048429999999935e+05,3.082346439999999711e+05,9.407300000000000750e+01
7.114191629999999423e+05,3.082592590000000200e+05,9.330299999999999727e+01
7.114187719999999972e+05,3.082660449999999837e+05,9.397100000000000364e+01
7.113980119999999879e+05,3.082285260000000126e+05,9.504000000000000625e+01
7.114206899999999441e+05,3.082733049999999930e+05,9.415999999999999659e+01
7.114084109999999637e+05,3.082455370000000112e+05,9.457500000000000284e+01
7.114237959999999730e+05,3.082680869999999995e+05,9.314900000000000091e+01
7.114320169999999925e+05,3.082673850000000093e+05,9.146800000000000352e+01
7.114088179999999702e+05,3.082519139999999898e+05,9.489000000000000057e+01
7.114276430000000400e+05,3.082645609999999870e+05,9.195199999999999818e+01
7.114080280000000494e+05,3.082495420000000158e+05,9.505800000000000693e+01
7.114031850000000559e+05,3.082279459999999963e+05,9.379600000000000648e+01
7.114077029999999795e+05,3.082303790000000154e+05,9.313400000000000034e+01
7.114222029999999795e+05,3.082657949999999837e+05,9.319100000000000250e+01
7.114021500000000233e+05,3.082455970000000088e+05,9.587999999999999545e+01
7.114203240000000224e+05,3.082533840000000200e+05,9.259300000000000352e+01
7.114247190000000410e+05,3.082352040000000270e+05,9.039499999999999602e+01
7.114369880000000121e+05,3.082514139999999898e+05,8.976000000000000512e+01
7.114164239999999991e+05,3.082553969999999972e+05,9.347500000000000853e+01
7.114341409999999451e+05,3.082501190000000061e+05,8.979300000000000637e+01
7.114136729999999516e+05,3.082493939999999711e+05,9.357200000000000273e+01
7.114176859999999870e+05,3.082127029999999795e+05,9.114700000000000557e+01
7.114049359999999870e+05,3.082165289999999804e+05,9.145600000000000307e+01
7.114116909999999916e+05,3.082371300000000047e+05,9.295799999999999841e+01
7.114055320000000065e+05,3.082357179999999935e+05,9.405200000000000671e+01
7.114128619999999646e+05,3.082543989999999758e+05,9.425499999999999545e+01
7.114062099999999627e+05,3.082396140000000014e+05,9.437699999999999534e+01
7.114138800000000047e+05,3.082546350000000093e+05,9.398700000000000898e+01
7.114077029999999795e+05,3.082487789999999804e+05,9.493399999999999750e+01
7.114122870000000112e+05,3.082446680000000051e+05,9.353499999999999659e+01
7.114366069999999600e+05,3.082757019999999902e+05,9.141599999999999682e+01
7.114420119999999879e+05,3.082511720000000205e+05,8.976699999999999591e+01
7.114322959999999730e+05,3.082716020000000135e+05,9.176900000000000546e+01
7.114381269999999786e+05,3.082527820000000065e+05,8.971099999999999852e+01
7.114178980000000447e+05,3.082577100000000210e+05,9.325799999999999557e+01
7.114095600000000559e+05,3.082425050000000047e+05,9.376800000000000068e+01
7.114261840000000084e+05,3.082634629999999888e+05,9.221300000000000807e+01
7.114152850000000326e+05,3.082476660000000265e+05,9.303799999999999670e+01
7.114281139999999432e+05,3.082681529999999912e+05,9.216400000000000148e+01
7.113971949999999488e+05,3.082300200000000186e+05,9.539400000000000546e+01
7.113984620000000577e+05,3.082221030000000028e+05,9.386899999999999977e+01
7.114420690000000177e+05,3.082672370000000228e+05,8.996399999999999864e+01
7.114196679999999469e+05,3.082630439999999944e+05,9.337500000000000000e+01
7.114312190000000410e+05,3.082791799999999930e+05,9.265500000000000114e+01
7.114288020000000251e+05,3.082677619999999879e+05,9.200100000000000477e+01
7.114140110000000568e+05,3.082585879999999888e+05,9.424899999999999523e+01
7.114052600000000093e+05,3.082444330000000191e+05,9.521600000000000819e+01
7.114156199999999953e+05,3.082414990000000107e+05,9.251399999999999579e+01
7.114137319999999600e+05,3.082500420000000158e+05,9.361200000000000898e+01
7.114198610000000335e+05,3.082287880000000005e+05,9.059700000000000841e+01
7.114076040000000503e+05,3.082345069999999832e+05,9.334199999999999875e+01
7.114263299999999581e+05,3.082621379999999772e+05,9.212399999999999523e+01
7.113963969999999972e+05,3.082353250000000116e+05,9.638200000000000500e+01
7.114087839999999851e+05,3.082238570000000182e+05,9.211899999999999977e+01
7.114057879999999423e+05,3.082357710000000079e+05,9.397200000000000841e+01
7.114162800000000279e+05,3.082479560000000056e+05,9.291700000000000159e+01
7.114136899999999441e+05,3.082494400000000023e+05,9.347500000000000853e+01
7.114185919999999460e+05,3.082462800000000279e+05,9.247899999999999920e+01
7.114280089999999618e+05,3.082707019999999902e+05,9.242499999999999716e+01
7.114205110000000568e+05,3.082540690000000177e+05,9.261100000000000421e+01
7.114020949999999721e+05,3.082334419999999809e+05,9.459900000000000375e+01
7.114407110000000102e+05,3.082525970000000088e+05,8.973300000000000409e+01
7.114285849999999627e+05,3.082357160000000149e+05,9.037999999999999545e+01
7.114159960000000428e+05,3.082292500000000000e+05,9.124899999999999523e+01
7.114092249999999767e+05,3.082392399999999907e+05,9.369299999999999784e+01
7.114278320000000531e+05,3.082625760000000009e+05,9.174200000000000443e+01
7.114108619999999646e+05,3.082450129999999772e+05,9.381000000000000227e+01
7.114265400000000373e+05,3.082718499999999767e+05,9.287900000000000489e+01
7.114164359999999870e+05,3.082589799999999814e+05,9.368399999999999750e+01
7.114208730000000214e+05,3.082549600000000210e+05,9.257800000000000296e+01
7.114318469999999506e+05,3.082711880000000237e+05,9.176099999999999568e+01
7.114068050000000512e+05,3.082383250000000116e+05,9.407300000000000750e+01
7.114288580000000075e+05,3.082741400000000140e+05,9.268099999999999739e+01
7.114160420000000158e+05,3.082460949999999721e+05,9.271399999999999864e+01
7.114151280000000261e+05,3.082506369999999879e+05,9.337500000000000000e+01
7.114257079999999842e+05,3.082737920000000158e+05,9.335999999999999943e+01
7.114210300000000279e+05,3.082723750000000000e+05,9.407200000000000273e+01
7.114302310000000289e+05,3.082643989999999758e+05,9.145199999999999818e+01
7.114156049999999814e+05,3.082624469999999856e+05,9.417400000000000659e+01
7.114016149999999907e+05,3.082302330000000075e+05,9.432500000000000284e+01
7.114530540000000037e+05,3.082783740000000107e+05,8.920900000000000318e+01
7.114274980000000214e+05,3.082748130000000237e+05,9.307200000000000273e+01
7.114057199999999721e+05,3.082384130000000005e+05,9.431900000000000261e+01
7.114298889999999665e+05,3.082595760000000009e+05,9.140699999999999648e+01
7.114081800000000512e+05,3.082451460000000079e+05,9.460800000000000409e+01
7.114195350000000326e+05,3.082639920000000275e+05,9.348799999999999955e+01
7.114248209999999963e+05,3.082718709999999846e+05,9.323400000000000887e+01
7.114136439999999711e+05,3.082442000000000116e+05,9.312900000000000489e+01
7.114007190000000410e+05,3.082345860000000102e+05,9.507900000000000773e+01
7.114317650000000140e+05,3.082765079999999725e+05,9.224399999999999977e+01
7.114211929999999702e+05,3.082566429999999818e+05,9.263899999999999579e+01
7.114119690000000410e+05,3.082461560000000172e+05,9.378300000000000125e+01
7.114521169999999693e+05,3.082720310000000172e+05,8.891899999999999693e+01
7.114087310000000289e+05,3.082286070000000182e+05,9.251399999999999579e+01
7.114150100000000093e+05,3.082558209999999963e+05,9.381499999999999773e+01
7.114288260000000009e+05,3.082750709999999963e+05,9.286299999999999955e+01
7.114206870000000345e+05,3.082514280000000144e+05,9.246300000000000807e+01
7.114049139999999898e+05,3.082283319999999949e+05,9.338700000000000045e+01
7.114111879999999655e+05,3.082457119999999995e+05,9.382399999999999807e+01
7.114301040000000503e+05,3.082684619999999995e+05,9.180899999999999750e+01
7.114370520000000251e+05,3.082710700000000070e+05,9.101600000000000534e+01
7.114125379999999423e+05,3.082563709999999846e+05,9.435600000000000875e+01
7.114051049999999814e+05,3.082417600000000093e+05,9.501000000000000512e+01
7.114304129999999423e+05,3.082675570000000298e+05,9.173600000000000421e+01
7.114299910000000382e+05,3.082646340000000200e+05,9.143300000000000693e+01
7.114018449999999721e+05,3.082228539999999921e+05,9.312300000000000466e+01
7.114049889999999432e+05,3.082220970000000088e+05,9.218300000000000693e+01
7.114035870000000577e+05,3.082417210000000196e+05,9.528600000000000136e+01
7.114090829999999842e+05,3.082377449999999953e+05,9.353100000000000591e+01
7.114108549999999814e+05,3.082479270000000251e+05,9.418900000000000716e+01
7.114144699999999721e+05,3.082568059999999823e+05,9.396800000000000352e+01
7.114319919999999693e+05,3.082697800000000279e+05,9.165200000000000102e+01
7.114142120000000577e+05,3.082499839999999967e+05,9.349899999999999523e+01
7.114280690000000177e+05,3.082732210000000196e+05,9.272200000000000841e+01
7.114053540000000503e+05,3.082383680000000168e+05,9.434600000000000364e+01
7.114083900000000140e+05,3.082308099999999977e+05,9.306100000000000705e+01
7.114248860000000568e+05,3.082337420000000275e+05,9.043699999999999761e+01
7.114123170000000391e+05,3.082406940000000177e+05,9.305599999999999739e+01
7.114298930000000400e+05,3.082678819999999832e+05,9.176099999999999568e+01
7.114539350000000559e+05,3.082670929999999935e+05,8.910900000000000887e+01
7.114139300000000512e+05,3.082171500000000233e+05,9.104900000000000659e+01
7.114267610000000568e+05,3.082667800000000279e+05,9.225100000000000477e+01
7.114239939999999478e+05,3.082722029999999795e+05,9.349899999999999523e+01
7.114216820000000298e+05,3.082280609999999870e+05,9.062600000000000477e+01
7.114016459999999497e+05,3.082310700000000070e+05,9.451099999999999568e+01
7.114150670000000391e+05,3.082512370000000228e+05,9.351200000000000045e+01
7.114191080000000075e+05,3.082502129999999888e+05,9.261799999999999500e+01
7.114186990000000224e+05,3.082469479999999749e+05,9.235000000000000853e+01
7.114017610000000568e+05,3.082363489999999874e+05,9.510000000000000853e+01
7.114390649999999441e+05,3.082748750000000000e+05,9.095799999999999841e+01
7.114136779999999562e+05,3.082494120000000112e+05,9.356499999999999773e+01
7.114292260000000242e+05,3.082672800000000279e+05,9.186400000000000432e+01
7.114225509999999776e+05,3.082537390000000014e+05,9.226000000000000512e+01
7.114165330000000540e+05,3.082574290000000037e+05,9.359400000000000830e+01
7.114059549999999581e+05,3.082388510000000242e+05,9.426800000000000068e+01
7.114090990000000456e+05,3.082340590000000084e+05,9.307000000000000739e+01
7.114131330000000307e+05,3.082484940000000061e+05,9.357099999999999795e+01
7.114118079999999609e+05,3.082409500000000116e+05,9.323900000000000432e+01
7.114213199999999488e+05,3.082574949999999953e+05,9.262600000000000477e+01
7.114037850000000326e+05,3.082453460000000196e+05,9.562699999999999534e+01
7.114043739999999525e+05,3.082215659999999916e+05,9.226399999999999579e+01
7.114216870000000345e+05,3.082656140000000014e+05,9.318800000000000239e+01
7.114176500000000233e+05,3.082297100000000210e+05,9.095199999999999818e+01
7.114294760000000242e+05,3.082678429999999935e+05,9.187900000000000489e+01
7.114286280000000261e+05,3.082676010000000242e+05,9.197899999999999920e+01
7.114046360000000568e+05,3.082333179999999702e+05,9.410500000000000398e+01
7.114356689999999944e+05,3.082766759999999776e+05,9.165399999999999636e+01
7.114134949999999953e+05,3.082398200000000070e+05,9.283200000000000784e+01
7.114360520000000251e+05,3.082749270000000251e+05,9.135900000000000887e+01
7.114231289999999572e+05,3.082637040000000270e+05,9.275000000000000000e+01
7.114012319999999600e+05,3.082365839999999735e+05,9.523000000000000398e+01
7.114049510000000009e+05,3.082354870000000228e+05,9.425100000000000477e+01
7.114247330000000075e+05,3.082514369999999763e+05,9.160600000000000875e+01
7.114206260000000475e+05,3.082303119999999763e+05,9.053499999999999659e+01
7.114379449999999488e+05,3.082568520000000135e+05,9.007999999999999829e+01
7.114480479999999516e+05,3.082574610000000102e+05,8.951699999999999591e+01
7.114172600000000093e+05,3.082578460000000196e+05,9.346500000000000341e+01
7.114383750000000000e+05,3.082663420000000042e+05,9.050700000000000500e+01
7.114375529999999562e+05,3.082826929999999702e+05,9.197700000000000387e+01
7.114300910000000149e+05,3.082683790000000154e+05,9.177400000000000091e+01
7.113978619999999646e+05,3.082348389999999781e+05,9.607200000000000273e+01
7.114057560000000522e+05,3.082301130000000121e+05,9.344400000000000261e+01
7.114292179999999935e+05,3.082671250000000000e+05,9.187300000000000466e+01
7.114168869999999879e+05,3.082417229999999981e+05,9.235399999999999920e+01
7.114261689999999944e+05,3.082590179999999818e+05,9.199899999999999523e+01
7.114049189999999944e+05,3.082372779999999912e+05,9.437600000000000477e+01
7.114187730000000447e+05,3.082638709999999846e+05,9.377500000000000568e+01
7.114105379999999423e+05,3.082470040000000154e+05,9.412199999999999989e+01
7.114004520000000484e+05,3.082301269999999786e+05,9.460900000000000887e+01
7.114231239999999525e+05,3.082628460000000196e+05,9.269400000000000261e+01
7.114136180000000168e+05,3.082349010000000126e+05,9.237099999999999511e+01
7.114229440000000177e+05,3.082643829999999725e+05,9.284100000000000819e+01
7.114017689999999711e+05,3.082307619999999879e+05,9.434700000000000841e+01
7.114187839999999851e+05,3.082582469999999739e+05,9.318600000000000705e+01
7.114473780000000261e+05,3.082698049999999930e+05,8.940900000000000603e+01
7.114029189999999944e+05,3.082322119999999995e+05,9.431000000000000227e+01
7.114178379999999888e+05,3.082141410000000033e+05,9.109400000000000830e+01
7.114182519999999786e+05,3.082200929999999935e+05,9.091200000000000614e+01
7.114141559999999590e+05,3.082693400000000256e+05,9.486499999999999488e+01
7.114266459999999497e+05,3.082608530000000028e+05,9.199399999999999977e+01
7.114271659999999683e+05,3.082243520000000135e+05,9.067900000000000205e+01
7.114060470000000205e+05,3.082337660000000033e+05,9.368500000000000227e+01
7.114311979999999749e+05,3.082745970000000088e+05,9.208700000000000330e+01
7.114176480000000447e+05,3.082255829999999842e+05,9.070700000000000784e+01
7.114396999999999534e+05,3.082462899999999790e+05,8.992400000000000659e+01
7.114036380000000354e+05,3.082369160000000265e+05,9.465699999999999648e+01
7.114124030000000494e+05,3.082608969999999972e+05,9.470600000000000307e+01
7.114129969999999739e+05,3.082413950000000186e+05,9.294100000000000250e+01
7.114231180000000168e+05,3.082614089999999851e+05,9.252599999999999625e+01
7.114321949999999488e+05,3.082651209999999846e+05,9.120199999999999818e+01
7.114206169999999693e+05,3.082731400000000140e+05,9.413200000000000500e+01
7.114312659999999451e+05,3.082703219999999856e+05,9.189799999999999613e+01
7.114332439999999478e+05,3.082565630000000237e+05,9.035500000000000398e+01
7.114295640000000130e+05,3.082677289999999921e+05,9.181100000000000705e+01
7.113955949999999721e+05,3.082313659999999800e+05,9.581000000000000227e+01
7.114018499999999767e+05,3.082258869999999879e+05,9.355400000000000205e+01
7.114084899999999907e+05,3.082347530000000261e+05,9.321000000000000796e+01
7.114221679999999469e+05,3.082321109999999753e+05,9.046800000000000352e+01
7.114085709999999963e+05,3.082354390000000130e+05,9.333200000000000784e+01
7.114048159999999916e+05,3.082299490000000224e+05,9.354099999999999682e+01
7.114053869999999879e+05,3.082355630000000237e+05,9.399800000000000466e+01
7.114247830000000540e+05,3.082694039999999804e+05,9.304500000000000171e+01
7.114259050000000279e+05,3.082649899999999907e+05,9.228100000000000591e+01
7.114207809999999590e+05,3.082722939999999944e+05,9.400199999999999534e+01
7.114279290000000037e+05,3.082664550000000163e+05,9.210099999999999909e+01
7.114125899999999674e+05,3.082453539999999921e+05,9.339600000000000080e+01
7.114088739999999525e+05,3.082401589999999851e+05,9.379600000000000648e+01
7.114146289999999572e+05,3.082459890000000014e+05,9.309000000000000341e+01
7.114380919999999460e+05,3.082740889999999781e+05,9.115099999999999625e+01
7.114211339999999618e+05,3.082735630000000237e+05,9.409799999999999898e+01
7.114056709999999730e+05,3.082349110000000219e+05,9.385900000000000887e+01
7.114162680000000400e+05,3.082507040000000270e+05,9.310900000000000887e+01
7.114054769999999553e+05,3.082376049999999814e+05,9.423700000000000898e+01
7.114083479999999981e+05,3.082354920000000275e+05,9.331100000000000705e+01
7.114542929999999469e+05,3.082628649999999907e+05,8.920100000000000762e+01
7.114326280000000261e+05,3.082804110000000219e+05,9.240800000000000125e+01
7.114042610000000568e+05,3.082386570000000065e+05,9.474200000000000443e+01
7.114008029999999562e+05,3.082269230000000098e+05,9.400000000000000000e+01
7.114115309999999590e+05,3.082412409999999800e+05,9.325000000000000000e+01
7.114018240000000224e+05,3.082313979999999865e+05,9.453600000000000136e+01
7.114284279999999562e+05,3.082679689999999828e+05,9.205500000000000682e+01
7.113972800000000279e+05,3.082326990000000224e+05,9.596200000000000330e+01
7.114056369999999879e+05,3.082357600000000093e+05,9.397800000000000864e+01
7.114106940000000177e+05,3.082641089999999967e+05,9.508299999999999841e+01
7.114108179999999702e+05,3.082442689999999711e+05,9.372899999999999920e+01
7.114107070000000531e+05,3.082369899999999907e+05,9.312800000000000011e+01
7.114133170000000391e+05,3.082634199999999837e+05,9.455500000000000682e+01
7.114271139999999432e+05,3.082685030000000261e+05,9.244800000000000750e+01
7.114334830000000075e+05,3.082600470000000205e+05,9.082999999999999829e+01
7.114306639999999898e+05,3.082751379999999772e+05,9.228700000000000614e+01
7.114162680000000400e+05,3.082125219999999972e+05,9.117199999999999704e+01
7.114061850000000559e+05,3.082338699999999953e+05,9.367700000000000671e+01
7.114130459999999730e+05,3.082488369999999995e+05,9.361400000000000432e+01
7.114206139999999432e+05,3.082646589999999851e+05,9.324699999999999989e+01
7.114048549999999814e+05,3.082357029999999795e+05,9.430899999999999750e+01
7.114302449999999953e+05,3.082414349999999977e+05,9.017700000000000671e+01
7.114291999999999534e+05,3.082542019999999902e+05,9.119100000000000250e+01
7.114220919999999460e+05,3.082265839999999735e+05,9.066100000000000136e+01
7.114064120000000112e+05,3.082366660000000265e+05,9.407800000000000296e+01
7.114280890000000363e+05,3.082662449999999953e+05,9.201699999999999591e+01
7.114159150000000373e+05,3.082628659999999800e+05,9.412900000000000489e+01
7.114336929999999702e+05,3.082754419999999809e+05,9.188700000000000045e+01
7.114292040000000270e+05,3.082674830000000075e+05,9.186700000000000443e+01
7.114140309999999590e+05,3.082505129999999772e+05,9.352200000000000557e+01
7.113993329999999842e+05,3.082362150000000256e+05,9.578300000000000125e+01
7.114183549999999814e+05,3.082707970000000205e+05,9.441500000000000625e+01
7.114209290000000037e+05,3.082522449999999953e+05,9.233100000000000307e+01
7.114182049999999581e+05,3.082538939999999711e+05,9.300799999999999557e+01
7.114194490000000224e+05,3.082432930000000051e+05,9.211299999999999955e+01
7.114407299999999814e+05,3.082610860000000102e+05,8.989000000000000057e+01
7.114260409999999683e+05,3.082619629999999888e+05,9.212500000000000000e+01
7.113946400000000140e+05,3.082363229999999749e+05,9.693200000000000216e+01
7.114032210000000196e+05,3.082345079999999725e+05,9.450499999999999545e+01
7.114562830000000540e+05,3.082721790000000037e+05,8.895799999999999841e+01
7.114212149999999674e+05,3.082557800000000279e+05,9.265300000000000580e+01
7.114277689999999711e+05,3.082705700000000070e+05,9.249899999999999523e+01
7.114067879999999423e+05,3.082344309999999823e+05,9.355899999999999750e+01
7.114026550000000279e+05,3.082295999999999767e+05,9.398600000000000421e+01
7.114302669999999925e+05,3.082723769999999786e+05,9.227400000000000091e+01
7.114320110000000568e+05,3.082654579999999842e+05,9.118300000000000693e+01
7.114123669999999693e+05,3.082270430000000051e+05,9.168699999999999761e+01
7.114108680000000168e+05,3.082381830000000191e+05,9.321099999999999852e+01
7.114113619999999646e+05,3.082509969999999739e+05,9.416299999999999670e+01
7.114044740000000456e+05,3.082374199999999837e+05,9.450499999999999545e+01
7.114134590000000317e+05,3.082322110000000102e+05,9.212699999999999534e+01
7.114184409999999916e+05,3.082494780000000028e+05,9.267600000000000193e+01
7.114146369999999879e+05,3.082508219999999856e+05,9.342700000000000671e+01
7.114059669999999460e+05,3.082314479999999749e+05,9.341200000000000614e+01
7.114148240000000224e+05,3.082468609999999753e+05,9.302899999999999636e+01
7.114172360000000335e+05,3.082582289999999921e+05,9.345900000000000318e+01
7.114228109999999870e+05,3.082630810000000056e+05,9.278000000000000114e+01
7.114196409999999451e+05,3.082729699999999721e+05,9.428199999999999648e+01
7.114154070000000065e+05,3.082504579999999842e+05,9.323600000000000421e+01
7.114119510000000009e+05,3.082395059999999939e+05,9.299599999999999511e+01
7.114034699999999721e+05,3.082216379999999772e+05,9.250300000000000011e+01
7.114293760000000475e+05,3.082675270000000019e+05,9.183800000000000807e+01
7.114299780000000028e+05,3.082682839999999851e+05,9.179399999999999693e+01
7.114176949999999488e+05,3.082467420000000275e+05,9.258100000000000307e+01
7.114226790000000037e+05,3.082530000000000000e+05,9.218099999999999739e+01
7.114050350000000326e+05,3.082349060000000172e+05,9.399200000000000443e+01
7.114029109999999637e+05,3.082408350000000210e+05,9.545700000000000784e+01
7.114307140000000363e+05,3.082763750000000000e+05,9.248499999999999943e+01
7.114123179999999702e+05,3.082423099999999977e+05,9.323199999999999932e+01
7.114255749999999534e+05,3.082722870000000112e+05,9.310200000000000387e+01
7.114035940000000410e+05,3.082283329999999842e+05,9.372400000000000375e+01
7.114126800000000512e+05,3.082459050000000279e+05,9.345400000000000773e+01
7.114011940000000177e+05,3.082376840000000084e+05,9.535600000000000875e+01
7.113948310000000056e+05,3.082332239999999874e+05,9.674599999999999511e+01
7.114015659999999916e+05,3.082311589999999851e+05,9.450600000000000023e+01
7.114048789999999572e+05,3.082401510000000126e+05,9.481000000000000227e+01
7.114167630000000354e+05,3.082496739999999991e+05,9.295700000000000784e+01
7.114230749999999534e+05,3.082642629999999772e+05,9.277400000000000091e+01
7.114256580000000540e+05,3.082702339999999967e+05,9.291400000000000148e+01
7.113964799999999814e+05,3.082312079999999842e+05,9.563899999999999579e+01
7.114179070000000065e+05,3.082516250000000000e+05,9.293300000000000693e+01
7.114040350000000326e+05,3.082289170000000158e+05,9.365900000000000603e+01
7.114383340000000317e+05,3.082706809999999823e+05,9.073600000000000421e+01
7.114202830000000540e+05,3.082578510000000242e+05,9.294599999999999795e+01
7.114259100000000326e+05,3.082618510000000242e+05,9.209100000000000819e+01
7.114242600000000093e+05,3.082297939999999944e+05,9.055899999999999750e+01
7.114051509999999544e+05,3.082275669999999809e+05,9.325100000000000477e+01
7.114295309999999590e+05,3.082391290000000154e+05,9.029000000000000625e+01
7.114356809999999823e+05,3.082706859999999870e+05,9.115800000000000125e+01
7.114054660000000149e+05,3.082313449999999721e+05,9.364300000000000068e+01
7.114017989999999991e+05,3.082302870000000112e+05,9.434700000000000841e+01
7.114326790000000037e+05,3.082627150000000256e+05,9.099699999999999989e+01
7.114156750000000466e+05,3.082511689999999944e+05,9.327200000000000557e+01
7.114103580000000075e+05,3.082333680000000168e+05,9.274299999999999500e+01
7.114195000000000000e+05,3.082579359999999870e+05,9.311799999999999500e+01
7.114111770000000251e+05,3.082452310000000289e+05,9.380500000000000682e+01
7.114111539999999804e+05,3.082399170000000158e+05,9.314000000000000057e+01
7.114039679999999935e+05,3.082346030000000028e+05,9.434799999999999898e+01
7.114315709999999963e+05,3.082760530000000144e+05,9.220600000000000307e+01
7.114307430000000168e+05,3.082409940000000061e+05,9.020400000000000773e+01
7.114294250000000466e+05,3.082732289999999921e+05,9.258100000000000307e+01
7.114019719999999506e+05,3.082261130000000121e+05,9.354699999999999704e+01
7.114284309999999823e+05,3.082651959999999963e+05,9.189900000000000091e+01
7.114351189999999478e+05,3.082719899999999907e+05,9.128499999999999659e+01
7.114085010000000475e+05,3.082363020000000251e+05,9.350100000000000477e+01
7.114079470000000438e+05,3.082309579999999842e+05,9.311499999999999488e+01
7.114137560000000522e+05,3.082487069999999949e+05,9.348999999999999488e+01
7.114057169999999460e+05,3.082261290000000154e+05,9.304099999999999682e+01
7.114590820000000531e+05,3.082708690000000061e+05,8.890099999999999625e+01
7.114039939999999478e+05,3.082382579999999725e+05,9.470499999999999829e+01
7.114520890000000363e+05,3.082582100000000210e+05,8.939400000000000546e+01
7.114309290000000037e+05,3.082750480000000098e+05,9.226800000000000068e+01
7.114292070000000531e+05,3.082368740000000107e+05,9.036299999999999955e+01
7.114075840000000317e+05,3.082351859999999870e+05,9.350900000000000034e+01
7.113989729999999981e+05,3.082316259999999893e+05,9.537099999999999511e+01
7.114298399999999674e+05,3.082626469999999972e+05,9.133400000000000318e+01
7.114262010000000009e+05,3.082694270000000251e+05,9.280500000000000682e+01
7.113977269999999553e+05,3.082348950000000186e+05,9.615999999999999659e+01
7.114003549999999814e+05,3.082392199999999721e+05,9.580800000000000693e+01
7.114131920000000391e+05,3.082421790000000037e+05,9.298999999999999488e+01
7.114322759999999544e+05,3.082418929999999818e+05,9.015999999999999659e+01
7.114120489999999991e+05,3.082517770000000019e+05,9.406499999999999773e+01
7.113986110000000335e+05,3.082294419999999809e+05,9.500199999999999534e+01
7.114372510000000475e+05,3.082431840000000084e+05,9.004500000000000171e+01
7.114290919999999460e+05,3.082383520000000135e+05,9.031799999999999784e+01
7.114189459999999963e+05,3.082643709999999846e+05,9.374399999999999977e+01
7.114220879999999888e+05,3.082601460000000079e+05,9.271399999999999864e+01
7.114089810000000289e+05,3.082390200000000186e+05,9.358200000000000784e+01
7.114422090000000317e+05,3.082787310000000289e+05,9.071300000000000807e+01
7.114289100000000326e+05,3.082265030000000261e+05,9.060399999999999920e+01
7.114264840000000549e+05,3.082713020000000251e+05,9.295400000000000773e+01
7.114181489999999758e+05,3.082578730000000214e+05,9.326999999999999602e+01
7.114357750000000233e+05,3.082736419999999925e+05,9.140000000000000568e+01
7.114278519999999553e+05,3.082678059999999823e+05,9.212699999999999534e+01
7.114080559999999823e+05,3.082359060000000172e+05,9.342700000000000671e+01
7.114003989999999758e+05,3.082279639999999781e+05,9.426800000000000068e+01
7.114257859999999637e+05,3.082645609999999870e+05,9.223799999999999955e+01
7.114221870000000345e+05,3.082588439999999828e+05,9.276099999999999568e+01
7.114126099999999860e+05,3.082417349999999860e+05,9.315999999999999659e+01
7.114134849999999860e+05,3.082509409999999916e+05,9.377899999999999636e+01
7.114038449999999721e+05,3.082319390000000130e+05,9.403000000000000114e+01
7.114280050000000047e+05,3.082664540000000270e+05,9.207000000000000739e+01
7.114313170000000391e+05,3.082748630000000121e+05,9.215900000000000603e+01
7.114230829999999842e+05,3.082628560000000289e+05,9.262900000000000489e+01
7.114260670000000391e+05,3.082645900000000256e+05,9.226399999999999579e+01
7.114026850000000559e+05,3.082280640000000130e+05,9.394700000000000273e+01
7.114127680000000400e+05,3.082469540000000270e+05,9.360900000000000887e+01
7.114194899999999907e+05,3.082507679999999818e+05,9.258700000000000330e+01
7.114215690000000177e+05,3.082587829999999958e+05,9.279999999999999716e+01
7.114316979999999749e+05,3.082610939999999828e+05,9.112500000000000000e+01
7.114279039999999804e+05,3.082682370000000228e+05,9.218399999999999750e+01
7.114283750000000000e+05,3.082654980000000214e+05,9.192199999999999704e+01
7.114191679999999469e+05,3.082582139999999781e+05,9.312099999999999511e+01
7.114341589999999851e+05,3.082769890000000014e+05,9.176900000000000546e+01
7.114138220000000438e+05,3.082578169999999809e+05,9.428000000000000114e+01
7.114279969999999739e+05,3.082679340000000084e+05,9.217600000000000193e+01
7.114088680000000168e+05,3.082454540000000270e+05,9.436499999999999488e+01
7.114156850000000559e+05,3.082457910000000265e+05,9.281100000000000705e+01
7.114344729999999981e+05,3.082792189999999828e+05,9.196900000000000830e+01
7.114342199999999721e+05,3.082726130000000121e+05,9.158400000000000318e+01
7.114050949999999721e+05,3.082281959999999963e+05,9.335800000000000409e+01
7.114277140000000363e+05,3.082736529999999912e+05,9.287999999999999545e+01
7.114016149999999907e+05,3.082363790000000154e+05,9.521399999999999864e+01
7.114241010000000242e+05,3.082724849999999860e+05,9.344800000000000750e+01
7.114162280000000028e+05,3.082501880000000237e+05,9.310600000000000875e+01
7.114416360000000568e+05,3.082810090000000200e+05,9.097599999999999909e+01
7.114252979999999516e+05,3.082595779999999795e+05,9.201399999999999579e+01
7.114313780000000261e+05,3.082767199999999721e+05,9.232099999999999795e+01
7.114090139999999665e+05,3.082376599999999744e+05,9.352899999999999636e+01
7.114301970000000438e+05,3.082731120000000228e+05,9.231799999999999784e+01
7.114010640000000130e+05,3.082322490000000107e+05,9.465999999999999659e+01
7.114030779999999795e+05,3.082219870000000228e+05,9.265000000000000568e+01
7.114302099999999627e+05,3.082732189999999828e+05,9.228499999999999659e+01
7.114213320000000531e+05,3.082684949999999953e+05,9.370600000000000307e+01
7.114339259999999776e+05,3.082712399999999907e+05,9.155599999999999739e+01
7.114294070000000065e+05,3.082678319999999949e+05,9.182099999999999795e+01
7.114422149999999674e+05,3.082681329999999725e+05,8.996600000000000819e+01
7.114314070000000065e+05,3.082761759999999776e+05,9.223499999999999943e+01
7.114250690000000177e+05,3.082500949999999721e+05,9.156900000000000261e+01
7.114298090000000084e+05,3.082641759999999776e+05,9.153900000000000148e+01
7.114292950000000419e+05,3.082559990000000107e+05,9.128400000000000603e+01
7.114239849999999860e+05,3.082601689999999944e+05,9.242000000000000171e+01
7.114166119999999646e+05,3.082486990000000224e+05,9.288299999999999557e+01
7.114313140000000130e+05,3.082429600000000210e+05,9.012000000000000455e+01
7.114128090000000084e+05,3.082468339999999735e+05,9.355299999999999727e+01
7.114199120000000112e+05,3.082604280000000144e+05,9.318900000000000716e+01
7.114219409999999916e+05,3.082648379999999888e+05,9.307800000000000296e+01
7.114360139999999665e+05,3.082707980000000098e+05,9.117900000000000205e+01
7.114169610000000102e+05,3.082589479999999749e+05,9.361799999999999500e+01
7.114181999999999534e+05,3.082543640000000014e+05,9.305100000000000193e+01
7.114260919999999460e+05,3.082586699999999837e+05,9.190699999999999648e+01
7.114074579999999842e+05,3.082389710000000196e+05,9.410000000000000853e+01
7.114145940000000410e+05,3.082604820000000182e+05,9.416599999999999682e+01
7.114023830000000307e+05,3.082342179999999935e+05,9.469100000000000250e+01
7.114302430000000168e+05,3.082662119999999995e+05,9.161599999999999966e+01
7.114103199999999488e+05,3.082465869999999995e+05,9.423700000000000898e+01
7.114283360000000102e+05,3.082705109999999986e+05,9.232699999999999818e+01
7.114258240000000224e+05,3.082507289999999921e+05,9.150499999999999545e+01
7.114373499999999767e+05,3.082686869999999763e+05,9.074099999999999966e+01
7.114073029999999562e+05,3.082355619999999763e+05,9.358700000000000330e+01
7.114211840000000084e+05,3.082301290000000154e+05,9.054800000000000182e+01
7.114293079999999609e+05,3.082668460000000196e+05,9.180599999999999739e+01
7.114162290000000503e+05,3.082213869999999879e+05,9.088299999999999557e+01
7.114233419999999460e+05,3.082615939999999828e+05,9.255100000000000193e+01
7.114154100000000326e+05,3.082565619999999763e+05,9.374899999999999523e+01
7.114274359999999870e+05,3.082616510000000126e+05,9.183200000000000784e+01
7.114141990000000224e+05,3.082388179999999702e+05,9.264100000000000534e+01
7.114315659999999916e+05,3.082754600000000210e+05,9.217100000000000648e+01
7.114355749999999534e+05,3.082764349999999977e+05,9.166400000000000148e+01
7.114092560000000522e+05,3.082396030000000028e+05,9.369599999999999795e+01
7.114168109999999870e+05,3.082581280000000261e+05,9.358299999999999841e+01
7.114282110000000102e+05,3.082736089999999967e+05,9.272100000000000364e+01
7.114223419999999460e+05,3.082567970000000205e+05,9.247899999999999920e+01
7.114073519999999553e+05,3.082346890000000130e+05,9.350600000000000023e+01
7.114285570000000298e+05,3.082401689999999944e+05,9.024399999999999977e+01
7.114437020000000484e+05,3.082756259999999893e+05,9.021500000000000341e+01
7.114311210000000428e+05,3.082750250000000233e+05,9.221600000000000819e+01
7.114073889999999665e+05,3.082354189999999944e+05,9.365399999999999636e+01
7.114157260000000242e+05,3.082504000000000233e+05,9.317600000000000193e+01
7.114088619999999646e+05,3.082440150000000140e+05,9.418900000000000716e+01
7.114268699999999953e+05,3.082618900000000140e+05,9.193600000000000705e+01
7.114313730000000214e+05,3.082749600000000210e+05,9.216800000000000637e+01
7.114259640000000363e+05,3.082616680000000051e+05,9.211200000000000898e+01
7.114081600000000326e+05,3.082373389999999781e+05,9.364199999999999591e+01
7.114291609999999637e+05,3.082333329999999842e+05,9.041100000000000136e+01
7.114364599999999627e+05,3.082720279999999912e+05,9.111400000000000432e+01
7.114122020000000484e+05,3.082537719999999972e+05,9.419200000000000728e+01
7.114341909999999916e+05,3.082794280000000144e+05,9.205200000000000671e+01
7.114364919999999693e+05,3.082720970000000088e+05,9.107500000000000284e+01
7.114332739999999758e+05,3.082657339999999967e+05,9.105100000000000193e+01
7.114171469999999972e+05,3.082554309999999823e+05,9.331799999999999784e+01
7.114237719999999972e+05,3.082524890000000014e+05,9.187300000000000466e+01
7.114017659999999451e+05,3.082342469999999739e+05,9.491700000000000159e+01
7.114355159999999451e+05,3.082486520000000019e+05,8.987000000000000455e+01
7.114032970000000205e+05,3.082370410000000265e+05,9.474699999999999989e+01
7.114284309999999823e+05,3.082633989999999758e+05,9.179300000000000637e+01
7.114291360000000568e+05,3.082494290000000037e+05,9.079200000000000159e+01
7.114314620000000577e+05,3.082630210000000079e+05,9.118800000000000239e+01
7.114265770000000484e+05,3.082676039999999921e+05,9.235999999999999943e+01
7.114058260000000009e+05,3.082278869999999879e+05,9.320300000000000296e+01
7.114169209999999730e+05,3.082501209999999846e+05,9.299299999999999500e+01
7.114236999999999534e+05,3.082650549999999930e+05,9.286299999999999955e+01
7.114112439999999478e+05,3.082458750000000000e+05,9.381300000000000239e+01
7.114296790000000037e+05,3.082669130000000005e+05,9.186200000000000898e+01
7.113994429999999702e+05,3.082252710000000079e+05,9.414400000000000546e+01
7.114219120000000112e+05,3.082762920000000158e+05,9.418600000000000705e+01
7.114226239999999525e+05,3.082667999999999884e+05,9.325700000000000500e+01
7.114119570000000531e+05,3.082357270000000135e+05,9.278199999999999648e+01
7.114311570000000065e+05,3.082654209999999730e+05,9.134000000000000341e+01
7.114326269999999786e+05,3.082792010000000009e+05,9.245000000000000284e+01
7.114516269999999786e+05,3.082692829999999958e+05,8.907099999999999795e+01
7.114068170000000391e+05,3.082353840000000200e+05,9.374200000000000443e+01
7.114273549999999814e+05,3.082619639999999781e+05,9.192700000000000671e+01
